X,Y,track_fid,track_seg_id,track_seg_point_id,ele,time,magvar,geoidheight,name,cmt,desc,src,link1_href,link1_text,link1_type,link2_href,link2_text,link2_type,sym,type,fix,sat,hdop,vdop,pdop,ageofdgpsdata,dgpsid
-81.39234,29.0128,0,0,0,2,,,,,,,,,,,,,,,,,,,,,,
-81.39235,29.01281,0,0,1,2,,,,,,,,,,,,,,,,,,,,,,
-81.39245,29.01275,0,0,2,2,,,,,,,,,,,,,,,,,,,,,,
-81.3925,29.01271,0,0,3,2,,,,,,,,,,,,,,,,,,,,,,
-81.39258,29.01268,0,0,4,2,,,,,,,,,,,,,,,,,,,,,,
-81.39265,29.01268,0,0,5,2,,,,,,,,,,,,,,,,,,,,,,
-81.39271,29.01269,0,0,6,2,,,,,,,,,,,,,,,,,,,,,,
-81.39278,29.0127,0,0,7,2,,,,,,,,,,,,,,,,,,,,,,
-81.39283,29.01269,0,0,8,2,,,,,,,,,,,,,,,,,,,,,,
-81.39289,29.01268,0,0,9,2,,,,,,,,,,,,,,,,,,,,,,
-81.39296,29.01266,0,0,10,2,,,,,,,,,,,,,,,,,,,,,,
-81.39301,29.01264,0,0,11,2,,,,,,,,,,,,,,,,,,,,,,
-81.39306,29.01263,0,0,12,2,,,,,,,,,,,,,,,,,,,,,,
-81.39311,29.01263,0,0,13,2,,,,,,,,,,,,,,,,,,,,,,
-81.39317,29.01263,0,0,14,2,,,,,,,,,,,,,,,,,,,,,,
-81.39324,29.01265,0,0,15,2,,,,,,,,,,,,,,,,,,,,,,
-81.3933,29.01266,0,0,16,2,,,,,,,,,,,,,,,,,,,,,,
-81.39336,29.01266,0,0,17,2,,,,,,,,,,,,,,,,,,,,,,
-81.39341,29.01266,0,0,18,2,,,,,,,,,,,,,,,,,,,,,,
-81.39347,29.01265,0,0,19,2,,,,,,,,,,,,,,,,,,,,,,
-81.39352,29.01263,0,0,20,2,,,,,,,,,,,,,,,,,,,,,,
-81.39357,29.01259,0,0,21,1.97,,,,,,,,,,,,,,,,,,,,,,
-81.39362,29.01255,0,0,22,1.58,,,,,,,,,,,,,,,,,,,,,,
-81.39366,29.01252,0,0,23,1.63,,,,,,,,,,,,,,,,,,,,,,
-81.3937,29.01247,0,0,24,1.65,,,,,,,,,,,,,,,,,,,,,,
-81.39373,29.01242,0,0,25,1.38,,,,,,,,,,,,,,,,,,,,,,
-81.39377,29.01238,0,0,26,1.8,,,,,,,,,,,,,,,,,,,,,,
-81.39383,29.01235,0,0,27,2,,,,,,,,,,,,,,,,,,,,,,
-81.39388,29.01232,0,0,28,2,,,,,,,,,,,,,,,,,,,,,,
-81.39393,29.0123,0,0,29,2,,,,,,,,,,,,,,,,,,,,,,
-81.39399,29.01229,0,0,30,2,,,,,,,,,,,,,,,,,,,,,,
-81.39406,29.0123,0,0,31,2,,,,,,,,,,,,,,,,,,,,,,
-81.39411,29.01231,0,0,32,2,,,,,,,,,,,,,,,,,,,,,,
-81.39418,29.01233,0,0,33,2,,,,,,,,,,,,,,,,,,,,,,
-81.39422,29.01236,0,0,34,2,,,,,,,,,,,,,,,,,,,,,,
-81.39427,29.01238,0,0,35,2,,,,,,,,,,,,,,,,,,,,,,
-81.39432,29.01241,0,0,36,1.97,,,,,,,,,,,,,,,,,,,,,,
-81.39437,29.01242,0,0,37,1.86,,,,,,,,,,,,,,,,,,,,,,
-81.39443,29.01244,0,0,38,1.65,,,,,,,,,,,,,,,,,,,,,,
-81.39449,29.01245,0,0,39,1.54,,,,,,,,,,,,,,,,,,,,,,
-81.39454,29.01246,0,0,40,1.43,,,,,,,,,,,,,,,,,,,,,,
-81.39454,29.01246,0,0,41,1.43,,,,,,,,,,,,,,,,,,,,,,
-81.39462,29.01245,0,0,42,1.54,,,,,,,,,,,,,,,,,,,,,,
-81.39467,29.01247,0,0,43,1.62,,,,,,,,,,,,,,,,,,,,,,
-81.39473,29.01248,0,0,44,2,,,,,,,,,,,,,,,,,,,,,,
-81.39479,29.01248,0,0,45,2,,,,,,,,,,,,,,,,,,,,,,
-81.39485,29.01249,0,0,46,2,,,,,,,,,,,,,,,,,,,,,,
-81.39492,29.0125,0,0,47,2,,,,,,,,,,,,,,,,,,,,,,
-81.39497,29.01251,0,0,48,1.89,,,,,,,,,,,,,,,,,,,,,,
-81.39504,29.01251,0,0,49,1.89,,,,,,,,,,,,,,,,,,,,,,
-81.39509,29.01251,0,0,50,1.89,,,,,,,,,,,,,,,,,,,,,,
-81.39515,29.01251,0,0,51,1.89,,,,,,,,,,,,,,,,,,,,,,
-81.3952,29.01252,0,0,52,1.66,,,,,,,,,,,,,,,,,,,,,,
-81.39526,29.01253,0,0,53,1.13,,,,,,,,,,,,,,,,,,,,,,
-81.39532,29.01255,0,0,54,1.21,,,,,,,,,,,,,,,,,,,,,,
-81.39537,29.01259,0,0,55,1.03,,,,,,,,,,,,,,,,,,,,,,
-81.39541,29.01262,0,0,56,1,,,,,,,,,,,,,,,,,,,,,,
-81.39547,29.01265,0,0,57,1,,,,,,,,,,,,,,,,,,,,,,
-81.39552,29.01268,0,0,58,1,,,,,,,,,,,,,,,,,,,,,,
-81.39558,29.01269,0,0,59,1,,,,,,,,,,,,,,,,,,,,,,
-81.39563,29.0127,0,0,60,1,,,,,,,,,,,,,,,,,,,,,,
-81.39568,29.01271,0,0,61,1,,,,,,,,,,,,,,,,,,,,,,
-81.39577,29.01271,0,0,62,1,,,,,,,,,,,,,,,,,,,,,,
-81.39584,29.01271,0,0,63,1,,,,,,,,,,,,,,,,,,,,,,
-81.39592,29.01271,0,0,64,1,,,,,,,,,,,,,,,,,,,,,,
-81.39598,29.01271,0,0,65,1,,,,,,,,,,,,,,,,,,,,,,
-81.39605,29.01271,0,0,66,1,,,,,,,,,,,,,,,,,,,,,,
-81.39611,29.0127,0,0,67,1,,,,,,,,,,,,,,,,,,,,,,
-81.39618,29.01269,0,0,68,1,,,,,,,,,,,,,,,,,,,,,,
-81.39625,29.01269,0,0,69,1,,,,,,,,,,,,,,,,,,,,,,
-81.3963,29.01267,0,0,70,1,,,,,,,,,,,,,,,,,,,,,,
-81.39635,29.01265,0,0,71,1,,,,,,,,,,,,,,,,,,,,,,
-81.3964,29.01262,0,0,72,1,,,,,,,,,,,,,,,,,,,,,,
-81.39646,29.01259,0,0,73,1.03,,,,,,,,,,,,,,,,,,,,,,
-81.3965,29.01256,0,0,74,1.35,,,,,,,,,,,,,,,,,,,,,,
-81.39656,29.01254,0,0,75,1.57,,,,,,,,,,,,,,,,,,,,,,
-81.39661,29.01252,0,0,76,1.48,,,,,,,,,,,,,,,,,,,,,,
-81.39669,29.01251,0,0,77,1.22,,,,,,,,,,,,,,,,,,,,,,
-81.39676,29.01251,0,0,78,1.88,,,,,,,,,,,,,,,,,,,,,,
-81.39683,29.01251,0,0,79,1.21,,,,,,,,,,,,,,,,,,,,,,
-81.39689,29.0125,0,0,80,1,,,,,,,,,,,,,,,,,,,,,,
-81.39695,29.0125,0,0,81,1,,,,,,,,,,,,,,,,,,,,,,
-81.39702,29.01248,0,0,82,1,,,,,,,,,,,,,,,,,,,,,,
-81.39707,29.01246,0,0,83,1,,,,,,,,,,,,,,,,,,,,,,
-81.39713,29.01242,0,0,84,1,,,,,,,,,,,,,,,,,,,,,,
-81.39717,29.0124,0,0,85,1.05,,,,,,,,,,,,,,,,,,,,,,
-81.39733,29.01236,0,0,86,1,,,,,,,,,,,,,,,,,,,,,,
-81.39738,29.01236,0,0,87,1,,,,,,,,,,,,,,,,,,,,,,
-81.39744,29.01235,0,0,88,1,,,,,,,,,,,,,,,,,,,,,,
-81.3975,29.01234,0,0,89,1,,,,,,,,,,,,,,,,,,,,,,
-81.39755,29.01231,0,0,90,1,,,,,,,,,,,,,,,,,,,,,,
-81.39759,29.01227,0,0,91,1,,,,,,,,,,,,,,,,,,,,,,
-81.39764,29.01223,0,0,92,1,,,,,,,,,,,,,,,,,,,,,,
-81.39769,29.01219,0,0,93,1,,,,,,,,,,,,,,,,,,,,,,
-81.39772,29.01215,0,0,94,1,,,,,,,,,,,,,,,,,,,,,,
-81.39775,29.01211,0,0,95,1.06,,,,,,,,,,,,,,,,,,,,,,
-81.3978,29.01207,0,0,96,1,,,,,,,,,,,,,,,,,,,,,,
-81.39784,29.01203,0,0,97,1.02,,,,,,,,,,,,,,,,,,,,,,
-81.3979,29.01198,0,0,98,1,,,,,,,,,,,,,,,,,,,,,,
-81.39795,29.01195,0,0,99,1,,,,,,,,,,,,,,,,,,,,,,
-81.39799,29.01192,0,0,100,1.48,,,,,,,,,,,,,,,,,,,,,,
-81.39804,29.01188,0,0,101,1.95,,,,,,,,,,,,,,,,,,,,,,
-81.39809,29.01185,0,0,102,1.64,,,,,,,,,,,,,,,,,,,,,,
-81.39814,29.01183,0,0,103,1.3,,,,,,,,,,,,,,,,,,,,,,
-81.3982,29.01181,0,0,104,1.45,,,,,,,,,,,,,,,,,,,,,,
-81.39826,29.01181,0,0,105,1.45,,,,,,,,,,,,,,,,,,,,,,
-81.39832,29.01181,0,0,106,1.45,,,,,,,,,,,,,,,,,,,,,,
-81.39838,29.0118,0,0,107,1.56,,,,,,,,,,,,,,,,,,,,,,
-81.39845,29.01179,0,0,108,1.67,,,,,,,,,,,,,,,,,,,,,,
-81.39852,29.01177,0,0,109,1.87,,,,,,,,,,,,,,,,,,,,,,
-81.3986,29.01174,0,0,110,1.3,,,,,,,,,,,,,,,,,,,,,,
-81.39865,29.01172,0,0,111,1.42,,,,,,,,,,,,,,,,,,,,,,
-81.3987,29.0117,0,0,112,1.64,,,,,,,,,,,,,,,,,,,,,,
-81.39876,29.01166,0,0,113,2,,,,,,,,,,,,,,,,,,,,,,
-81.39884,29.01164,0,0,114,2,,,,,,,,,,,,,,,,,,,,,,
-81.3989,29.01163,0,0,115,2,,,,,,,,,,,,,,,,,,,,,,
-81.39895,29.01163,0,0,116,2,,,,,,,,,,,,,,,,,,,,,,
-81.39901,29.01163,0,0,117,2,,,,,,,,,,,,,,,,,,,,,,
-81.39907,29.01164,0,0,118,2,,,,,,,,,,,,,,,,,,,,,,
-81.39914,29.01165,0,0,119,2,,,,,,,,,,,,,,,,,,,,,,
-81.3992,29.01166,0,0,120,2,,,,,,,,,,,,,,,,,,,,,,
-81.39925,29.01167,0,0,121,2,,,,,,,,,,,,,,,,,,,,,,
-81.39934,29.01168,0,0,122,2,,,,,,,,,,,,,,,,,,,,,,
-81.39934,29.01168,0,0,123,2,,,,,,,,,,,,,,,,,,,,,,
-81.39952,29.01163,0,0,124,2,,,,,,,,,,,,,,,,,,,,,,
-81.39965,29.01164,0,0,125,2,,,,,,,,,,,,,,,,,,,,,,
-81.39972,29.01164,0,0,126,2,,,,,,,,,,,,,,,,,,,,,,
-81.39978,29.01164,0,0,127,2,,,,,,,,,,,,,,,,,,,,,,
-81.39983,29.01165,0,0,128,2,,,,,,,,,,,,,,,,,,,,,,
-81.39989,29.01167,0,0,129,2,,,,,,,,,,,,,,,,,,,,,,
-81.39993,29.0117,0,0,130,2,,,,,,,,,,,,,,,,,,,,,,
-81.39998,29.01173,0,0,131,2,,,,,,,,,,,,,,,,,,,,,,
-81.40004,29.01177,0,0,132,1.88,,,,,,,,,,,,,,,,,,,,,,
-81.40009,29.01179,0,0,133,1.67,,,,,,,,,,,,,,,,,,,,,,
-81.40015,29.01183,0,0,134,1.24,,,,,,,,,,,,,,,,,,,,,,
-81.40018,29.01186,0,0,135,1,,,,,,,,,,,,,,,,,,,,,,
-81.40024,29.0119,0,0,136,1,,,,,,,,,,,,,,,,,,,,,,
-81.4003,29.01193,0,0,137,1,,,,,,,,,,,,,,,,,,,,,,
-81.40037,29.01195,0,0,138,1,,,,,,,,,,,,,,,,,,,,,,
-81.40044,29.01197,0,0,139,1,,,,,,,,,,,,,,,,,,,,,,
-81.4005,29.01199,0,0,140,1,,,,,,,,,,,,,,,,,,,,,,
-81.40055,29.012,0,0,141,1,,,,,,,,,,,,,,,,,,,,,,
-81.40061,29.01202,0,0,142,1,,,,,,,,,,,,,,,,,,,,,,
-81.40067,29.01203,0,0,143,1,,,,,,,,,,,,,,,,,,,,,,
-81.40072,29.01206,0,0,144,1,,,,,,,,,,,,,,,,,,,,,,
-81.4008,29.01209,0,0,145,1,,,,,,,,,,,,,,,,,,,,,,
-81.40091,29.01211,0,0,146,1,,,,,,,,,,,,,,,,,,,,,,
-81.40098,29.01212,0,0,147,1.06,,,,,,,,,,,,,,,,,,,,,,
-81.40104,29.01214,0,0,148,1,,,,,,,,,,,,,,,,,,,,,,
-81.40111,29.01216,0,0,149,1,,,,,,,,,,,,,,,,,,,,,,
-81.40115,29.01217,0,0,150,1,,,,,,,,,,,,,,,,,,,,,,
-81.4012,29.01219,0,0,151,1,,,,,,,,,,,,,,,,,,,,,,
-81.40126,29.01222,0,0,152,1,,,,,,,,,,,,,,,,,,,,,,
-81.40132,29.01223,0,0,153,1,,,,,,,,,,,,,,,,,,,,,,
-81.40138,29.01224,0,0,154,1,,,,,,,,,,,,,,,,,,,,,,
-81.40144,29.01225,0,0,155,1,,,,,,,,,,,,,,,,,,,,,,
-81.4015,29.01226,0,0,156,1,,,,,,,,,,,,,,,,,,,,,,
-81.40162,29.01227,0,0,157,1.24,,,,,,,,,,,,,,,,,,,,,,
-81.40168,29.01228,0,0,158,1.38,,,,,,,,,,,,,,,,,,,,,,
-81.40173,29.01229,0,0,159,1.27,,,,,,,,,,,,,,,,,,,,,,
-81.40179,29.01231,0,0,160,1.05,,,,,,,,,,,,,,,,,,,,,,
-81.40184,29.01233,0,0,161,1,,,,,,,,,,,,,,,,,,,,,,
-81.40191,29.01236,0,0,162,1,,,,,,,,,,,,,,,,,,,,,,
-81.40196,29.0124,0,0,163,1.01,,,,,,,,,,,,,,,,,,,,,,
-81.40201,29.01243,0,0,164,1,,,,,,,,,,,,,,,,,,,,,,
-81.40206,29.01245,0,0,165,1.13,,,,,,,,,,,,,,,,,,,,,,
-81.4021,29.01248,0,0,166,1.15,,,,,,,,,,,,,,,,,,,,,,
-81.40216,29.01249,0,0,167,1.11,,,,,,,,,,,,,,,,,,,,,,
-81.40217,29.0125,0,0,168,1,,,,,,,,,,,,,,,,,,,,,,
-81.40228,29.01258,0,0,169,1,,,,,,,,,,,,,,,,,,,,,,
-81.40232,29.01262,0,0,170,1,,,,,,,,,,,,,,,,,,,,,,
-81.40237,29.01265,0,0,171,1,,,,,,,,,,,,,,,,,,,,,,
-81.40245,29.01269,0,0,172,1,,,,,,,,,,,,,,,,,,,,,,
-81.40253,29.01272,0,0,173,1,,,,,,,,,,,,,,,,,,,,,,
-81.40258,29.01275,0,0,174,1,,,,,,,,,,,,,,,,,,,,,,
-81.4027,29.01282,0,0,175,1,,,,,,,,,,,,,,,,,,,,,,
-81.40277,29.01287,0,0,176,1,,,,,,,,,,,,,,,,,,,,,,
-81.40285,29.01291,0,0,177,1,,,,,,,,,,,,,,,,,,,,,,
-81.40293,29.01293,0,0,178,1.23,,,,,,,,,,,,,,,,,,,,,,
-81.40302,29.01296,0,0,179,1.63,,,,,,,,,,,,,,,,,,,,,,
-81.40306,29.013,0,0,180,1.62,,,,,,,,,,,,,,,,,,,,,,
-81.40314,29.01306,0,0,181,1.87,,,,,,,,,,,,,,,,,,,,,,
-81.40354,29.01328,0,0,182,2,,,,,,,,,,,,,,,,,,,,,,
-81.40358,29.01331,0,0,183,2,,,,,,,,,,,,,,,,,,,,,,
-81.40368,29.01336,0,0,184,2,,,,,,,,,,,,,,,,,,,,,,
-81.40372,29.01339,0,0,185,2,,,,,,,,,,,,,,,,,,,,,,
-81.40376,29.01342,0,0,186,2,,,,,,,,,,,,,,,,,,,,,,
-81.4038,29.01347,0,0,187,2,,,,,,,,,,,,,,,,,,,,,,
-81.40383,29.01352,0,0,188,2,,,,,,,,,,,,,,,,,,,,,,
-81.40388,29.01356,0,0,189,2,,,,,,,,,,,,,,,,,,,,,,
-81.40393,29.01362,0,0,190,2,,,,,,,,,,,,,,,,,,,,,,
-81.40395,29.01368,0,0,191,2,,,,,,,,,,,,,,,,,,,,,,
-81.40398,29.01372,0,0,192,1.82,,,,,,,,,,,,,,,,,,,,,,
-81.40402,29.01376,0,0,193,1.64,,,,,,,,,,,,,,,,,,,,,,
-81.40414,29.01381,0,0,194,1.96,,,,,,,,,,,,,,,,,,,,,,
-81.40419,29.01386,0,0,195,2,,,,,,,,,,,,,,,,,,,,,,
-81.4042,29.01386,0,0,196,2,,,,,,,,,,,,,,,,,,,,,,
-81.4043,29.01396,0,0,197,2,,,,,,,,,,,,,,,,,,,,,,
-81.40439,29.014,0,0,198,1.88,,,,,,,,,,,,,,,,,,,,,,
-81.40445,29.01404,0,0,199,2,,,,,,,,,,,,,,,,,,,,,,
-81.40449,29.01408,0,0,200,1.97,,,,,,,,,,,,,,,,,,,,,,
-81.40456,29.01417,0,0,201,1.96,,,,,,,,,,,,,,,,,,,,,,
-81.40461,29.01422,0,0,202,1.42,,,,,,,,,,,,,,,,,,,,,,
-81.40477,29.0143,0,0,203,1.79,,,,,,,,,,,,,,,,,,,,,,
-81.40486,29.01433,0,0,204,2,,,,,,,,,,,,,,,,,,,,,,
-81.40491,29.01434,0,0,205,2,,,,,,,,,,,,,,,,,,,,,,
-81.40497,29.01437,0,0,206,1.94,,,,,,,,,,,,,,,,,,,,,,
-81.40507,29.01441,0,0,207,2,,,,,,,,,,,,,,,,,,,,,,
-81.40518,29.01448,0,0,208,1.62,,,,,,,,,,,,,,,,,,,,,,
-81.40529,29.01455,0,0,209,1.86,,,,,,,,,,,,,,,,,,,,,,
-81.40534,29.01458,0,0,210,1.54,,,,,,,,,,,,,,,,,,,,,,
-81.40541,29.0146,0,0,211,1.61,,,,,,,,,,,,,,,,,,,,,,
-81.40556,29.0146,0,0,212,2,,,,,,,,,,,,,,,,,,,,,,
-81.40562,29.0146,0,0,213,2,,,,,,,,,,,,,,,,,,,,,,
-81.4057,29.0146,0,0,214,2,,,,,,,,,,,,,,,,,,,,,,
-81.40576,29.01459,0,0,215,2.09,,,,,,,,,,,,,,,,,,,,,,
-81.40583,29.01458,0,0,216,2.52,,,,,,,,,,,,,,,,,,,,,,
-81.4059,29.01457,0,0,217,2.18,,,,,,,,,,,,,,,,,,,,,,
-81.40597,29.01456,0,0,218,2,,,,,,,,,,,,,,,,,,,,,,
-81.40604,29.01456,0,0,219,2.17,,,,,,,,,,,,,,,,,,,,,,
-81.4061,29.01458,0,0,220,2.47,,,,,,,,,,,,,,,,,,,,,,
-81.40618,29.01461,0,0,221,2.05,,,,,,,,,,,,,,,,,,,,,,
-81.40623,29.01464,0,0,222,2,,,,,,,,,,,,,,,,,,,,,,
-81.40628,29.01476,0,0,223,2,,,,,,,,,,,,,,,,,,,,,,
-81.40631,29.01482,0,0,224,2,,,,,,,,,,,,,,,,,,,,,,
-81.40631,29.01484,0,0,225,2,,,,,,,,,,,,,,,,,,,,,,
-81.40642,29.01502,0,0,226,1.26,,,,,,,,,,,,,,,,,,,,,,
-81.40647,29.01509,0,0,227,1.02,,,,,,,,,,,,,,,,,,,,,,
-81.4065,29.01518,0,0,228,1.01,,,,,,,,,,,,,,,,,,,,,,
-81.40653,29.01522,0,0,229,1,,,,,,,,,,,,,,,,,,,,,,
-81.40656,29.01528,0,0,230,1,,,,,,,,,,,,,,,,,,,,,,
-81.40662,29.01533,0,0,231,1,,,,,,,,,,,,,,,,,,,,,,
-81.40668,29.01537,0,0,232,1,,,,,,,,,,,,,,,,,,,,,,
-81.40675,29.0154,0,0,233,1,,,,,,,,,,,,,,,,,,,,,,
-81.40687,29.01542,0,0,234,1,,,,,,,,,,,,,,,,,,,,,,
-81.40693,29.01541,0,0,235,1,,,,,,,,,,,,,,,,,,,,,,
-81.40699,29.0154,0,0,236,1,,,,,,,,,,,,,,,,,,,,,,
-81.40713,29.01542,0,0,237,1.46,,,,,,,,,,,,,,,,,,,,,,
-81.40723,29.01546,0,0,238,1.03,,,,,,,,,,,,,,,,,,,,,,
-81.40729,29.01547,0,0,239,1,,,,,,,,,,,,,,,,,,,,,,
-81.40736,29.01548,0,0,240,1,,,,,,,,,,,,,,,,,,,,,,
-81.40759,29.01541,0,0,241,1,,,,,,,,,,,,,,,,,,,,,,
-81.40772,29.01532,0,0,242,1,,,,,,,,,,,,,,,,,,,,,,
-81.40779,29.01527,0,0,243,1,,,,,,,,,,,,,,,,,,,,,,
-81.4079,29.01523,0,0,244,1.17,,,,,,,,,,,,,,,,,,,,,,
-81.40805,29.01518,0,0,245,2,,,,,,,,,,,,,,,,,,,,,,
-81.40811,29.01516,0,0,246,2,,,,,,,,,,,,,,,,,,,,,,
-81.40827,29.01514,0,0,247,2,,,,,,,,,,,,,,,,,,,,,,
-81.40837,29.01512,0,0,248,2,,,,,,,,,,,,,,,,,,,,,,
-81.40846,29.01511,0,0,249,2,,,,,,,,,,,,,,,,,,,,,,
-81.40859,29.01505,0,0,250,2.46,,,,,,,,,,,,,,,,,,,,,,
-81.4087,29.01502,0,0,251,2.99,,,,,,,,,,,,,,,,,,,,,,
-81.40878,29.01503,0,0,252,3,,,,,,,,,,,,,,,,,,,,,,
-81.40883,29.01505,0,0,253,2.8,,,,,,,,,,,,,,,,,,,,,,
-81.40891,29.01507,0,0,254,2.42,,,,,,,,,,,,,,,,,,,,,,
-81.40897,29.01509,0,0,255,2.88,,,,,,,,,,,,,,,,,,,,,,
-81.40908,29.0151,0,0,256,2.92,,,,,,,,,,,,,,,,,,,,,,
-81.40917,29.01511,0,0,257,2.81,,,,,,,,,,,,,,,,,,,,,,
-81.40924,29.01514,0,0,258,2.49,,,,,,,,,,,,,,,,,,,,,,
-81.40924,29.01514,0,0,259,2.49,,,,,,,,,,,,,,,,,,,,,,
-81.40942,29.01516,0,0,260,2.07,,,,,,,,,,,,,,,,,,,,,,
-81.40953,29.01515,0,0,261,2,,,,,,,,,,,,,,,,,,,,,,
-81.40965,29.01519,0,0,262,2,,,,,,,,,,,,,,,,,,,,,,
-81.4097,29.01523,0,0,263,2,,,,,,,,,,,,,,,,,,,,,,
-81.40975,29.01527,0,0,264,2,,,,,,,,,,,,,,,,,,,,,,
-81.41,29.01529,0,0,265,2,,,,,,,,,,,,,,,,,,,,,,
-81.41005,29.01529,0,0,266,2,,,,,,,,,,,,,,,,,,,,,,
-81.41011,29.0153,0,0,267,2,,,,,,,,,,,,,,,,,,,,,,
-81.41024,29.01529,0,0,268,2,,,,,,,,,,,,,,,,,,,,,,
-81.41031,29.01527,0,0,269,2.4,,,,,,,,,,,,,,,,,,,,,,
-81.41038,29.01526,0,0,270,3,,,,,,,,,,,,,,,,,,,,,,
-81.41045,29.01525,0,0,271,3,,,,,,,,,,,,,,,,,,,,,,
-81.41051,29.01524,0,0,272,3,,,,,,,,,,,,,,,,,,,,,,
-81.41059,29.01522,0,0,273,3,,,,,,,,,,,,,,,,,,,,,,
-81.41064,29.0152,0,0,274,3,,,,,,,,,,,,,,,,,,,,,,
-81.41068,29.01516,0,0,275,3,,,,,,,,,,,,,,,,,,,,,,
-81.4107,29.0151,0,0,276,3,,,,,,,,,,,,,,,,,,,,,,
-81.41076,29.01501,0,0,277,3,,,,,,,,,,,,,,,,,,,,,,
-81.41082,29.01497,0,0,278,3.05,,,,,,,,,,,,,,,,,,,,,,
-81.41086,29.0149,0,0,279,3.08,,,,,,,,,,,,,,,,,,,,,,
-81.41091,29.01484,0,0,280,3.73,,,,,,,,,,,,,,,,,,,,,,
-81.41098,29.01483,0,0,281,3.84,,,,,,,,,,,,,,,,,,,,,,
-81.41104,29.01482,0,0,282,3.94,,,,,,,,,,,,,,,,,,,,,,
-81.41115,29.01483,0,0,283,3.84,,,,,,,,,,,,,,,,,,,,,,
-81.41121,29.01485,0,0,284,3.65,,,,,,,,,,,,,,,,,,,,,,
-81.41125,29.01489,0,0,285,3.59,,,,,,,,,,,,,,,,,,,,,,
-81.41131,29.01495,0,0,286,3.54,,,,,,,,,,,,,,,,,,,,,,
-81.41135,29.01503,0,0,287,3.19,,,,,,,,,,,,,,,,,,,,,,
-81.41138,29.01511,0,0,288,3.9,,,,,,,,,,,,,,,,,,,,,,
-81.41141,29.01518,0,0,289,4,,,,,,,,,,,,,,,,,,,,,,
-81.41145,29.01523,0,0,290,3.52,,,,,,,,,,,,,,,,,,,,,,
-81.41151,29.01526,0,0,291,3.44,,,,,,,,,,,,,,,,,,,,,,
-81.4116,29.0153,0,0,292,4,,,,,,,,,,,,,,,,,,,,,,
-81.41162,29.01531,0,0,293,4,,,,,,,,,,,,,,,,,,,,,,
-81.41188,29.01535,0,0,294,4,,,,,,,,,,,,,,,,,,,,,,
-81.41203,29.01542,0,0,295,4.96,,,,,,,,,,,,,,,,,,,,,,
-81.41219,29.01546,0,0,296,5,,,,,,,,,,,,,,,,,,,,,,
-81.41229,29.01551,0,0,297,5,,,,,,,,,,,,,,,,,,,,,,
-81.41232,29.01555,0,0,298,5.06,,,,,,,,,,,,,,,,,,,,,,
-81.41234,29.01562,0,0,299,5.27,,,,,,,,,,,,,,,,,,,,,,
-81.41237,29.01573,0,0,300,5.6,,,,,,,,,,,,,,,,,,,,,,
-81.41236,29.01583,0,0,301,5.49,,,,,,,,,,,,,,,,,,,,,,
-81.41231,29.01596,0,0,302,5,,,,,,,,,,,,,,,,,,,,,,
-81.41223,29.01606,0,0,303,5.04,,,,,,,,,,,,,,,,,,,,,,
-81.4121,29.01625,0,0,304,5,,,,,,,,,,,,,,,,,,,,,,
-81.41207,29.01632,0,0,305,5,,,,,,,,,,,,,,,,,,,,,,
-81.41205,29.01642,0,0,306,5,,,,,,,,,,,,,,,,,,,,,,
-81.41204,29.01647,0,0,307,5,,,,,,,,,,,,,,,,,,,,,,
-81.41203,29.01656,0,0,308,5,,,,,,,,,,,,,,,,,,,,,,
-81.41201,29.01662,0,0,309,5,,,,,,,,,,,,,,,,,,,,,,
-81.41202,29.01668,0,0,310,5,,,,,,,,,,,,,,,,,,,,,,
-81.41206,29.01677,0,0,311,5,,,,,,,,,,,,,,,,,,,,,,
-81.41208,29.01686,0,0,312,5.04,,,,,,,,,,,,,,,,,,,,,,
-81.41208,29.01692,0,0,313,5.34,,,,,,,,,,,,,,,,,,,,,,
-81.41208,29.01698,0,0,314,5.46,,,,,,,,,,,,,,,,,,,,,,
-81.41204,29.01709,0,0,315,5.03,,,,,,,,,,,,,,,,,,,,,,
-81.412,29.01719,0,0,316,5,,,,,,,,,,,,,,,,,,,,,,
-81.41194,29.0173,0,0,317,5,,,,,,,,,,,,,,,,,,,,,,
-81.41187,29.01737,0,0,318,5,,,,,,,,,,,,,,,,,,,,,,
-81.41178,29.01743,0,0,319,5,,,,,,,,,,,,,,,,,,,,,,
-81.41166,29.0175,0,0,320,5,,,,,,,,,,,,,,,,,,,,,,
-81.41156,29.01758,0,0,321,4.98,,,,,,,,,,,,,,,,,,,,,,
-81.4115,29.01764,0,0,322,5,,,,,,,,,,,,,,,,,,,,,,
-81.41148,29.01766,0,0,323,4.98,,,,,,,,,,,,,,,,,,,,,,
-81.4114,29.01788,0,0,324,4.21,,,,,,,,,,,,,,,,,,,,,,
-81.41137,29.01793,0,0,325,4.51,,,,,,,,,,,,,,,,,,,,,,
-81.41133,29.01802,0,0,326,4.36,,,,,,,,,,,,,,,,,,,,,,
-81.41133,29.01807,0,0,327,4.46,,,,,,,,,,,,,,,,,,,,,,
-81.41131,29.01811,0,0,328,4.65,,,,,,,,,,,,,,,,,,,,,,
-81.4113,29.01816,0,0,329,5,,,,,,,,,,,,,,,,,,,,,,
-81.41127,29.01821,0,0,330,4.72,,,,,,,,,,,,,,,,,,,,,,
-81.41124,29.01825,0,0,331,4.45,,,,,,,,,,,,,,,,,,,,,,
-81.41119,29.01828,0,0,332,4.36,,,,,,,,,,,,,,,,,,,,,,
-81.41115,29.01831,0,0,333,4.31,,,,,,,,,,,,,,,,,,,,,,
-81.41107,29.01834,0,0,334,4.04,,,,,,,,,,,,,,,,,,,,,,
-81.41102,29.01835,0,0,335,4,,,,,,,,,,,,,,,,,,,,,,
-81.41098,29.01838,0,0,336,4,,,,,,,,,,,,,,,,,,,,,,
-81.41093,29.01841,0,0,337,4,,,,,,,,,,,,,,,,,,,,,,
-81.41089,29.01845,0,0,338,4,,,,,,,,,,,,,,,,,,,,,,
-81.41084,29.01847,0,0,339,4,,,,,,,,,,,,,,,,,,,,,,
-81.41076,29.0185,0,0,340,4,,,,,,,,,,,,,,,,,,,,,,
-81.41068,29.01854,0,0,341,4,,,,,,,,,,,,,,,,,,,,,,
-81.41054,29.01862,0,0,342,4,,,,,,,,,,,,,,,,,,,,,,
-81.41043,29.0187,0,0,343,4,,,,,,,,,,,,,,,,,,,,,,
-81.41025,29.01887,0,0,344,3.94,,,,,,,,,,,,,,,,,,,,,,
-81.41017,29.01897,0,0,345,4,,,,,,,,,,,,,,,,,,,,,,
-81.41005,29.01907,0,0,346,4,,,,,,,,,,,,,,,,,,,,,,
-81.40995,29.01916,0,0,347,4,,,,,,,,,,,,,,,,,,,,,,
-81.40982,29.0192,0,0,348,4,,,,,,,,,,,,,,,,,,,,,,
-81.40972,29.01926,0,0,349,3,,,,,,,,,,,,,,,,,,,,,,
-81.40961,29.01931,0,0,350,3,,,,,,,,,,,,,,,,,,,,,,
-81.40954,29.01935,0,0,351,3,,,,,,,,,,,,,,,,,,,,,,
-81.40936,29.0194,0,0,352,3,,,,,,,,,,,,,,,,,,,,,,
-81.40927,29.0194,0,0,353,3,,,,,,,,,,,,,,,,,,,,,,
-81.40912,29.01939,0,0,354,2.5,,,,,,,,,,,,,,,,,,,,,,
-81.40903,29.0194,0,0,355,2,,,,,,,,,,,,,,,,,,,,,,
-81.40894,29.01941,0,0,356,2,,,,,,,,,,,,,,,,,,,,,,
-81.40886,29.01943,0,0,357,2,,,,,,,,,,,,,,,,,,,,,,
-81.40884,29.01944,0,0,358,2,,,,,,,,,,,,,,,,,,,,,,
-81.40864,29.01964,0,0,359,1.31,,,,,,,,,,,,,,,,,,,,,,
-81.40861,29.0197,0,0,360,1,,,,,,,,,,,,,,,,,,,,,,
-81.40854,29.01979,0,0,361,1.56,,,,,,,,,,,,,,,,,,,,,,
-81.40851,29.01986,0,0,362,1.46,,,,,,,,,,,,,,,,,,,,,,
-81.40846,29.01993,0,0,363,1,,,,,,,,,,,,,,,,,,,,,,
-81.40838,29.02007,0,0,364,1,,,,,,,,,,,,,,,,,,,,,,
-81.40835,29.02023,0,0,365,1,,,,,,,,,,,,,,,,,,,,,,
-81.40837,29.02034,0,0,366,1,,,,,,,,,,,,,,,,,,,,,,
-81.40843,29.02042,0,0,367,1,,,,,,,,,,,,,,,,,,,,,,
-81.40851,29.02049,0,0,368,1,,,,,,,,,,,,,,,,,,,,,,
-81.40858,29.02054,0,0,369,1,,,,,,,,,,,,,,,,,,,,,,
-81.40865,29.0207,0,0,370,1,,,,,,,,,,,,,,,,,,,,,,
-81.40869,29.02083,0,0,371,1,,,,,,,,,,,,,,,,,,,,,,
-81.40875,29.02097,0,0,372,1,,,,,,,,,,,,,,,,,,,,,,
-81.40884,29.0212,0,0,373,1,,,,,,,,,,,,,,,,,,,,,,
-81.40891,29.02135,0,0,374,1,,,,,,,,,,,,,,,,,,,,,,
-81.40899,29.02147,0,0,375,1,,,,,,,,,,,,,,,,,,,,,,
-81.40909,29.02165,0,0,376,1,,,,,,,,,,,,,,,,,,,,,,
-81.40914,29.02179,0,0,377,1,,,,,,,,,,,,,,,,,,,,,,
-81.40917,29.02193,0,0,378,1,,,,,,,,,,,,,,,,,,,,,,
-81.40921,29.02205,0,0,379,1,,,,,,,,,,,,,,,,,,,,,,
-81.4092,29.02219,0,0,380,1,,,,,,,,,,,,,,,,,,,,,,
-81.40915,29.02237,0,0,381,1,,,,,,,,,,,,,,,,,,,,,,
-81.40914,29.02246,0,0,382,1,,,,,,,,,,,,,,,,,,,,,,
-81.40914,29.02246,0,0,383,1,,,,,,,,,,,,,,,,,,,,,,
-81.40903,29.02267,0,0,384,1,,,,,,,,,,,,,,,,,,,,,,
-81.40897,29.02285,0,0,385,1,,,,,,,,,,,,,,,,,,,,,,
-81.40895,29.02293,0,0,386,1,,,,,,,,,,,,,,,,,,,,,,
-81.40891,29.02304,0,0,387,1,,,,,,,,,,,,,,,,,,,,,,
-81.40884,29.02317,0,0,388,1,,,,,,,,,,,,,,,,,,,,,,
-81.40881,29.02327,0,0,389,1,,,,,,,,,,,,,,,,,,,,,,
-81.40878,29.02341,0,0,390,1,,,,,,,,,,,,,,,,,,,,,,
-81.40879,29.02357,0,0,391,1,,,,,,,,,,,,,,,,,,,,,,
-81.40881,29.02368,0,0,392,1,,,,,,,,,,,,,,,,,,,,,,
-81.40882,29.02378,0,0,393,1,,,,,,,,,,,,,,,,,,,,,,
-81.40883,29.02389,0,0,394,1,,,,,,,,,,,,,,,,,,,,,,
-81.4089,29.02402,0,0,395,1,,,,,,,,,,,,,,,,,,,,,,
-81.40899,29.0241,0,0,396,1,,,,,,,,,,,,,,,,,,,,,,
-81.4091,29.02417,0,0,397,1,,,,,,,,,,,,,,,,,,,,,,
-81.40917,29.02424,0,0,398,1,,,,,,,,,,,,,,,,,,,,,,
-81.40934,29.02439,0,0,399,1,,,,,,,,,,,,,,,,,,,,,,
-81.40942,29.02453,0,0,400,0.76,,,,,,,,,,,,,,,,,,,,,,
-81.40947,29.02464,0,0,401,0.25,,,,,,,,,,,,,,,,,,,,,,
-81.40955,29.02473,0,0,402,0.13,,,,,,,,,,,,,,,,,,,,,,
-81.40961,29.02474,0,0,403,0.64,,,,,,,,,,,,,,,,,,,,,,
-81.4097,29.02475,0,0,404,0.7,,,,,,,,,,,,,,,,,,,,,,
-81.4098,29.02474,0,0,405,0.97,,,,,,,,,,,,,,,,,,,,,,
-81.40991,29.02471,0,0,406,1,,,,,,,,,,,,,,,,,,,,,,
-81.4101,29.02464,0,0,407,1,,,,,,,,,,,,,,,,,,,,,,
-81.41021,29.02461,0,0,408,1.06,,,,,,,,,,,,,,,,,,,,,,
-81.41031,29.02458,0,0,409,1.7,,,,,,,,,,,,,,,,,,,,,,
-81.41041,29.02457,0,0,410,2,,,,,,,,,,,,,,,,,,,,,,
-81.41056,29.0246,0,0,411,2,,,,,,,,,,,,,,,,,,,,,,
-81.41068,29.02462,0,0,412,2,,,,,,,,,,,,,,,,,,,,,,
-81.41072,29.02464,0,0,413,2,,,,,,,,,,,,,,,,,,,,,,
-81.41079,29.02475,0,0,414,2,,,,,,,,,,,,,,,,,,,,,,
-81.41079,29.02475,0,0,415,2,,,,,,,,,,,,,,,,,,,,,,
-81.41092,29.02491,0,0,416,1.94,,,,,,,,,,,,,,,,,,,,,,
-81.41094,29.02506,0,0,417,2,,,,,,,,,,,,,,,,,,,,,,
-81.41097,29.02511,0,0,418,1.9,,,,,,,,,,,,,,,,,,,,,,
-81.41101,29.02519,0,0,419,1.91,,,,,,,,,,,,,,,,,,,,,,
-81.41106,29.02523,0,0,420,2,,,,,,,,,,,,,,,,,,,,,,
-81.41111,29.02529,0,0,421,1.87,,,,,,,,,,,,,,,,,,,,,,
-81.41114,29.02546,0,0,422,1.01,,,,,,,,,,,,,,,,,,,,,,
-81.41115,29.0256,0,0,423,1,,,,,,,,,,,,,,,,,,,,,,
-81.41115,29.02574,0,0,424,1,,,,,,,,,,,,,,,,,,,,,,
-81.41118,29.02587,0,0,425,1.29,,,,,,,,,,,,,,,,,,,,,,
-81.41127,29.02605,0,0,426,2,,,,,,,,,,,,,,,,,,,,,,
-81.41133,29.02618,0,0,427,2,,,,,,,,,,,,,,,,,,,,,,
-81.41144,29.02642,0,0,428,2,,,,,,,,,,,,,,,,,,,,,,
-81.41151,29.02656,0,0,429,2,,,,,,,,,,,,,,,,,,,,,,
-81.41159,29.02675,0,0,430,2.24,,,,,,,,,,,,,,,,,,,,,,
-81.41163,29.02684,0,0,431,2.6,,,,,,,,,,,,,,,,,,,,,,
-81.4117,29.02693,0,0,432,2.1,,,,,,,,,,,,,,,,,,,,,,
-81.4118,29.02713,0,0,433,2,,,,,,,,,,,,,,,,,,,,,,
-81.41182,29.0272,0,0,434,2,,,,,,,,,,,,,,,,,,,,,,
-81.41183,29.02727,0,0,435,1.88,,,,,,,,,,,,,,,,,,,,,,
-81.41183,29.02727,0,0,436,1.88,,,,,,,,,,,,,,,,,,,,,,
-81.41187,29.02756,0,0,437,1,,,,,,,,,,,,,,,,,,,,,,
-81.41189,29.02783,0,0,438,1.41,,,,,,,,,,,,,,,,,,,,,,
-81.41188,29.02795,0,0,439,1.04,,,,,,,,,,,,,,,,,,,,,,
-81.4119,29.02805,0,0,440,1,,,,,,,,,,,,,,,,,,,,,,
-81.41195,29.02811,0,0,441,1,,,,,,,,,,,,,,,,,,,,,,
-81.41199,29.02818,0,0,442,1,,,,,,,,,,,,,,,,,,,,,,
-81.41203,29.02838,0,0,443,1,,,,,,,,,,,,,,,,,,,,,,
-81.41205,29.02856,0,0,444,1,,,,,,,,,,,,,,,,,,,,,,
-81.41214,29.02869,0,0,445,1,,,,,,,,,,,,,,,,,,,,,,
-81.41234,29.02893,0,0,446,1,,,,,,,,,,,,,,,,,,,,,,
-81.41241,29.02904,0,0,447,1,,,,,,,,,,,,,,,,,,,,,,
-81.41247,29.02917,0,0,448,1,,,,,,,,,,,,,,,,,,,,,,
-81.41252,29.02934,0,0,449,1,,,,,,,,,,,,,,,,,,,,,,
-81.41258,29.0295,0,0,450,1,,,,,,,,,,,,,,,,,,,,,,
-81.41271,29.02975,0,0,451,1,,,,,,,,,,,,,,,,,,,,,,
-81.41281,29.02989,0,0,452,1,,,,,,,,,,,,,,,,,,,,,,
-81.4129,29.03019,0,0,453,1,,,,,,,,,,,,,,,,,,,,,,
-81.41293,29.03032,0,0,454,1,,,,,,,,,,,,,,,,,,,,,,
-81.41299,29.03043,0,0,455,1,,,,,,,,,,,,,,,,,,,,,,
-81.41304,29.03052,0,0,456,1,,,,,,,,,,,,,,,,,,,,,,
-81.41304,29.03052,0,0,457,1,,,,,,,,,,,,,,,,,,,,,,
-81.41307,29.03076,0,0,458,1,,,,,,,,,,,,,,,,,,,,,,
-81.41309,29.03092,0,0,459,1,,,,,,,,,,,,,,,,,,,,,,
-81.41318,29.03108,0,0,460,1.12,,,,,,,,,,,,,,,,,,,,,,
-81.41321,29.03117,0,0,461,1,,,,,,,,,,,,,,,,,,,,,,
-81.41323,29.03129,0,0,462,1,,,,,,,,,,,,,,,,,,,,,,
-81.41324,29.03142,0,0,463,1,,,,,,,,,,,,,,,,,,,,,,
-81.41332,29.03153,0,0,464,1,,,,,,,,,,,,,,,,,,,,,,
-81.41332,29.03153,0,0,465,1,,,,,,,,,,,,,,,,,,,,,,
-81.41307,29.03175,0,0,466,1,,,,,,,,,,,,,,,,,,,,,,
-81.41285,29.03195,0,0,467,0.79,,,,,,,,,,,,,,,,,,,,,,
-81.41262,29.03205,0,0,468,0.35,,,,,,,,,,,,,,,,,,,,,,
-81.41243,29.03213,0,0,469,1,,,,,,,,,,,,,,,,,,,,,,
-81.4123,29.03216,0,0,470,0.6,,,,,,,,,,,,,,,,,,,,,,
-81.41224,29.03216,0,0,471,0.39,,,,,,,,,,,,,,,,,,,,,,
-81.41248,29.03208,0,0,472,0.46,,,,,,,,,,,,,,,,,,,,,,
-81.41283,29.03199,0,0,473,0.78,,,,,,,,,,,,,,,,,,,,,,
-81.41305,29.03189,0,0,474,1,,,,,,,,,,,,,,,,,,,,,,
-81.41312,29.03177,0,0,475,1,,,,,,,,,,,,,,,,,,,,,,
-81.41323,29.0316,0,0,476,1,,,,,,,,,,,,,,,,,,,,,,
-81.41332,29.03154,0,0,477,1,,,,,,,,,,,,,,,,,,,,,,
-81.41346,29.03155,0,0,478,1,,,,,,,,,,,,,,,,,,,,,,
-81.41354,29.03153,0,0,479,1.11,,,,,,,,,,,,,,,,,,,,,,
-81.41362,29.03151,0,0,480,1.69,,,,,,,,,,,,,,,,,,,,,,
-81.41376,29.03144,0,0,481,1.73,,,,,,,,,,,,,,,,,,,,,,
-81.4138,29.03148,0,0,482,1.98,,,,,,,,,,,,,,,,,,,,,,
-81.41384,29.03164,0,0,483,2,,,,,,,,,,,,,,,,,,,,,,
-81.41387,29.03194,0,0,484,1,,,,,,,,,,,,,,,,,,,,,,
-81.41388,29.032,0,0,485,1,,,,,,,,,,,,,,,,,,,,,,
-81.41396,29.03207,0,0,486,1,,,,,,,,,,,,,,,,,,,,,,
-81.41403,29.03217,0,0,487,1,,,,,,,,,,,,,,,,,,,,,,
-81.41409,29.03228,0,0,488,1,,,,,,,,,,,,,,,,,,,,,,
-81.41416,29.03234,0,0,489,1,,,,,,,,,,,,,,,,,,,,,,
-81.41429,29.03241,0,0,490,1.32,,,,,,,,,,,,,,,,,,,,,,
-81.41443,29.03248,0,0,491,1.22,,,,,,,,,,,,,,,,,,,,,,
-81.41453,29.03257,0,0,492,1.23,,,,,,,,,,,,,,,,,,,,,,
-81.41453,29.03257,0,0,493,1.23,,,,,,,,,,,,,,,,,,,,,,
-81.41468,29.03269,0,0,494,1.52,,,,,,,,,,,,,,,,,,,,,,
-81.41468,29.03296,0,0,495,1,,,,,,,,,,,,,,,,,,,,,,
-81.41474,29.03309,0,0,496,1,,,,,,,,,,,,,,,,,,,,,,
-81.41482,29.03314,0,0,497,1,,,,,,,,,,,,,,,,,,,,,,
-81.41485,29.03322,0,0,498,1,,,,,,,,,,,,,,,,,,,,,,
-81.41494,29.03332,0,0,499,1,,,,,,,,,,,,,,,,,,,,,,
-81.41504,29.03339,0,0,500,1,,,,,,,,,,,,,,,,,,,,,,
-81.41515,29.03355,0,0,501,1,,,,,,,,,,,,,,,,,,,,,,
-81.41531,29.03374,0,0,502,1,,,,,,,,,,,,,,,,,,,,,,
-81.41541,29.03381,0,0,503,1,,,,,,,,,,,,,,,,,,,,,,
-81.41548,29.03394,0,0,504,1,,,,,,,,,,,,,,,,,,,,,,
-81.41553,29.03402,0,0,505,1,,,,,,,,,,,,,,,,,,,,,,
-81.41556,29.0342,0,0,506,1,,,,,,,,,,,,,,,,,,,,,,
-81.41557,29.03431,0,0,507,1,,,,,,,,,,,,,,,,,,,,,,
-81.41557,29.03431,0,0,508,1,,,,,,,,,,,,,,,,,,,,,,
-81.41567,29.03455,0,0,509,1,,,,,,,,,,,,,,,,,,,,,,
-81.41578,29.03485,0,0,510,1,,,,,,,,,,,,,,,,,,,,,,
-81.41582,29.03494,0,0,511,1,,,,,,,,,,,,,,,,,,,,,,
-81.4159,29.03513,0,0,512,1,,,,,,,,,,,,,,,,,,,,,,
-81.41598,29.03523,0,0,513,1,,,,,,,,,,,,,,,,,,,,,,
-81.41613,29.03537,0,0,514,1,,,,,,,,,,,,,,,,,,,,,,
-81.41634,29.03557,0,0,515,1,,,,,,,,,,,,,,,,,,,,,,
-81.41652,29.03575,0,0,516,1,,,,,,,,,,,,,,,,,,,,,,
-81.41667,29.03585,0,0,517,1,,,,,,,,,,,,,,,,,,,,,,
-81.41689,29.03596,0,0,518,1,,,,,,,,,,,,,,,,,,,,,,
-81.4171,29.03604,0,0,519,1,,,,,,,,,,,,,,,,,,,,,,
-81.41725,29.03605,0,0,520,1,,,,,,,,,,,,,,,,,,,,,,
-81.41733,29.03603,0,0,521,1,,,,,,,,,,,,,,,,,,,,,,
-81.41741,29.03602,0,0,522,1,,,,,,,,,,,,,,,,,,,,,,
-81.41756,29.03599,0,0,523,1,,,,,,,,,,,,,,,,,,,,,,
-81.41756,29.03599,0,0,524,1,,,,,,,,,,,,,,,,,,,,,,
-81.41774,29.03617,0,0,525,1,,,,,,,,,,,,,,,,,,,,,,
-81.41778,29.03621,0,0,526,1,,,,,,,,,,,,,,,,,,,,,,
-81.41783,29.03623,0,0,527,1,,,,,,,,,,,,,,,,,,,,,,
-81.41789,29.03625,0,0,528,1,,,,,,,,,,,,,,,,,,,,,,
-81.41795,29.03629,0,0,529,1,,,,,,,,,,,,,,,,,,,,,,
-81.41803,29.03633,0,0,530,1,,,,,,,,,,,,,,,,,,,,,,
-81.41811,29.03641,0,0,531,1,,,,,,,,,,,,,,,,,,,,,,
-81.41822,29.03648,0,0,532,1,,,,,,,,,,,,,,,,,,,,,,
-81.4184,29.03649,0,0,533,1,,,,,,,,,,,,,,,,,,,,,,
-81.41862,29.03648,0,0,534,1,,,,,,,,,,,,,,,,,,,,,,
-81.41879,29.03647,0,0,535,1,,,,,,,,,,,,,,,,,,,,,,
-81.41899,29.03647,0,0,536,1,,,,,,,,,,,,,,,,,,,,,,
-81.41914,29.03645,0,0,537,1,,,,,,,,,,,,,,,,,,,,,,
-81.41914,29.03645,0,0,538,1,,,,,,,,,,,,,,,,,,,,,,
-81.419,29.03662,0,0,539,1,,,,,,,,,,,,,,,,,,,,,,
-81.41884,29.03675,0,0,540,1,,,,,,,,,,,,,,,,,,,,,,
-81.41876,29.03688,0,0,541,1,,,,,,,,,,,,,,,,,,,,,,
-81.41869,29.03701,0,0,542,1,,,,,,,,,,,,,,,,,,,,,,
-81.41858,29.03718,0,0,543,1,,,,,,,,,,,,,,,,,,,,,,
-81.41847,29.0373,0,0,544,0.56,,,,,,,,,,,,,,,,,,,,,,
-81.41832,29.0375,0,0,545,0,,,,,,,,,,,,,,,,,,,,,,
-81.41836,29.03745,0,0,546,0,,,,,,,,,,,,,,,,,,,,,,
-81.41848,29.03731,0,0,547,0.61,,,,,,,,,,,,,,,,,,,,,,
-81.41864,29.0371,0,0,548,1,,,,,,,,,,,,,,,,,,,,,,
-81.41874,29.03697,0,0,549,1,,,,,,,,,,,,,,,,,,,,,,
-81.41884,29.03681,0,0,550,1,,,,,,,,,,,,,,,,,,,,,,
-81.41896,29.03668,0,0,551,1,,,,,,,,,,,,,,,,,,,,,,
-81.41913,29.03647,0,0,552,1,,,,,,,,,,,,,,,,,,,,,,
-81.41927,29.03633,0,0,553,1,,,,,,,,,,,,,,,,,,,,,,
-81.41951,29.03609,0,0,554,1,,,,,,,,,,,,,,,,,,,,,,
-81.41967,29.03586,0,0,555,1.53,,,,,,,,,,,,,,,,,,,,,,
-81.4198,29.03572,0,0,556,2,,,,,,,,,,,,,,,,,,,,,,
-81.41992,29.03555,0,0,557,2,,,,,,,,,,,,,,,,,,,,,,
-81.42004,29.03543,0,0,558,2,,,,,,,,,,,,,,,,,,,,,,
-81.42014,29.03533,0,0,559,2.21,,,,,,,,,,,,,,,,,,,,,,
-81.42021,29.03525,0,0,560,2.22,,,,,,,,,,,,,,,,,,,,,,
-81.42025,29.03523,0,0,561,2.15,,,,,,,,,,,,,,,,,,,,,,
-81.42055,29.03506,0,0,562,2.35,,,,,,,,,,,,,,,,,,,,,,
-81.42089,29.03495,0,0,563,3,,,,,,,,,,,,,,,,,,,,,,
-81.42102,29.03491,0,0,564,3,,,,,,,,,,,,,,,,,,,,,,
-81.42102,29.03491,0,0,565,3,,,,,,,,,,,,,,,,,,,,,,
-81.42129,29.03487,0,0,566,3.38,,,,,,,,,,,,,,,,,,,,,,
-81.42176,29.03475,0,0,567,4,,,,,,,,,,,,,,,,,,,,,,
-81.42207,29.03468,0,0,568,4,,,,,,,,,,,,,,,,,,,,,,
-81.4223,29.03467,0,0,569,3.93,,,,,,,,,,,,,,,,,,,,,,
-81.42249,29.03468,0,0,570,4,,,,,,,,,,,,,,,,,,,,,,
-81.42262,29.03471,0,0,571,4,,,,,,,,,,,,,,,,,,,,,,
-81.4229,29.03475,0,0,572,4,,,,,,,,,,,,,,,,,,,,,,
-81.42311,29.03469,0,0,573,4.2,,,,,,,,,,,,,,,,,,,,,,
-81.42333,29.03465,0,0,574,5,,,,,,,,,,,,,,,,,,,,,,
-81.42351,29.03466,0,0,575,5,,,,,,,,,,,,,,,,,,,,,,
-81.42366,29.03467,0,0,576,5,,,,,,,,,,,,,,,,,,,,,,
-81.42377,29.03468,0,0,577,5,,,,,,,,,,,,,,,,,,,,,,
-81.42386,29.03461,0,0,578,5.15,,,,,,,,,,,,,,,,,,,,,,
-81.42393,29.03443,0,0,579,6,,,,,,,,,,,,,,,,,,,,,,
-81.42398,29.03425,0,0,580,6,,,,,,,,,,,,,,,,,,,,,,
-81.42403,29.03417,0,0,581,6,,,,,,,,,,,,,,,,,,,,,,
-81.42409,29.03404,0,0,582,6,,,,,,,,,,,,,,,,,,,,,,
-81.42419,29.034,0,0,583,6,,,,,,,,,,,,,,,,,,,,,,
-81.42434,29.03395,0,0,584,6,,,,,,,,,,,,,,,,,,,,,,
-81.42438,29.03371,0,0,585,6,,,,,,,,,,,,,,,,,,,,,,
-81.42438,29.0336,0,0,586,6,,,,,,,,,,,,,,,,,,,,,,
-81.42438,29.03351,0,0,587,6,,,,,,,,,,,,,,,,,,,,,,
-81.42438,29.0335,0,0,588,6,,,,,,,,,,,,,,,,,,,,,,
-81.42433,29.0332,0,0,589,6,,,,,,,,,,,,,,,,,,,,,,
-81.42427,29.03303,0,0,590,6,,,,,,,,,,,,,,,,,,,,,,
-81.42424,29.03279,0,0,591,6,,,,,,,,,,,,,,,,,,,,,,
-81.42424,29.03265,0,0,592,6,,,,,,,,,,,,,,,,,,,,,,
-81.42424,29.0325,0,0,593,6,,,,,,,,,,,,,,,,,,,,,,
-81.42413,29.03243,0,0,594,6,,,,,,,,,,,,,,,,,,,,,,
-81.42397,29.03239,0,0,595,6,,,,,,,,,,,,,,,,,,,,,,
-81.42386,29.03235,0,0,596,6,,,,,,,,,,,,,,,,,,,,,,
-81.42371,29.03225,0,0,597,5.07,,,,,,,,,,,,,,,,,,,,,,
-81.42363,29.03217,0,0,598,5.12,,,,,,,,,,,,,,,,,,,,,,
-81.42357,29.03208,0,0,599,5.3,,,,,,,,,,,,,,,,,,,,,,
-81.42344,29.032,0,0,600,5.4,,,,,,,,,,,,,,,,,,,,,,
-81.42325,29.03197,0,0,601,5.72,,,,,,,,,,,,,,,,,,,,,,
-81.42313,29.03193,0,0,602,5.13,,,,,,,,,,,,,,,,,,,,,,
-81.42304,29.03188,0,0,603,5,,,,,,,,,,,,,,,,,,,,,,
-81.42292,29.03175,0,0,604,5.58,,,,,,,,,,,,,,,,,,,,,,
-81.42271,29.03164,0,0,605,5.48,,,,,,,,,,,,,,,,,,,,,,
-81.4224,29.03152,0,0,606,5,,,,,,,,,,,,,,,,,,,,,,
-81.42228,29.03147,0,0,607,5.12,,,,,,,,,,,,,,,,,,,,,,
-81.42205,29.03143,0,0,608,5.94,,,,,,,,,,,,,,,,,,,,,,
-81.42191,29.03142,0,0,609,5,,,,,,,,,,,,,,,,,,,,,,
-81.42167,29.03146,0,0,610,5.96,,,,,,,,,,,,,,,,,,,,,,
-81.42154,29.03147,0,0,611,6,,,,,,,,,,,,,,,,,,,,,,
-81.42146,29.03145,0,0,612,6,,,,,,,,,,,,,,,,,,,,,,
-81.42135,29.03137,0,0,613,6,,,,,,,,,,,,,,,,,,,,,,
-81.42119,29.03127,0,0,614,6,,,,,,,,,,,,,,,,,,,,,,
-81.4211,29.03123,0,0,615,6,,,,,,,,,,,,,,,,,,,,,,
-81.42109,29.03121,0,0,616,6,,,,,,,,,,,,,,,,,,,,,,
-81.42079,29.03097,0,0,617,6,,,,,,,,,,,,,,,,,,,,,,
-81.42079,29.03075,0,0,618,6,,,,,,,,,,,,,,,,,,,,,,
-81.42093,29.03063,0,0,619,6,,,,,,,,,,,,,,,,,,,,,,
-81.42105,29.03053,0,0,620,6,,,,,,,,,,,,,,,,,,,,,,
-81.42119,29.03041,0,0,621,6,,,,,,,,,,,,,,,,,,,,,,
-81.42128,29.03036,0,0,622,6,,,,,,,,,,,,,,,,,,,,,,
-81.42139,29.03026,0,0,623,6,,,,,,,,,,,,,,,,,,,,,,
-81.42148,29.03018,0,0,624,6,,,,,,,,,,,,,,,,,,,,,,
-81.42164,29.03007,0,0,625,6,,,,,,,,,,,,,,,,,,,,,,
-81.42183,29.02993,0,0,626,6.76,,,,,,,,,,,,,,,,,,,,,,
-81.42192,29.02975,0,0,627,7,,,,,,,,,,,,,,,,,,,,,,
-81.42213,29.02965,0,0,628,7,,,,,,,,,,,,,,,,,,,,,,
-81.4223,29.02962,0,0,629,7,,,,,,,,,,,,,,,,,,,,,,
-81.4225,29.02963,0,0,630,7,,,,,,,,,,,,,,,,,,,,,,
-81.42259,29.02977,0,0,631,7,,,,,,,,,,,,,,,,,,,,,,
-81.42266,29.02992,0,0,632,7,,,,,,,,,,,,,,,,,,,,,,
-81.42276,29.03,0,0,633,7,,,,,,,,,,,,,,,,,,,,,,
-81.42293,29.02996,0,0,634,7,,,,,,,,,,,,,,,,,,,,,,
-81.42299,29.02987,0,0,635,7,,,,,,,,,,,,,,,,,,,,,,
-81.42306,29.02975,0,0,636,7,,,,,,,,,,,,,,,,,,,,,,
-81.42312,29.02966,0,0,637,7,,,,,,,,,,,,,,,,,,,,,,
-81.42312,29.02966,0,0,638,7,,,,,,,,,,,,,,,,,,,,,,
-81.42337,29.02953,0,0,639,7,,,,,,,,,,,,,,,,,,,,,,
-81.42333,29.0292,0,0,640,7,,,,,,,,,,,,,,,,,,,,,,
-81.42314,29.02901,0,0,641,7,,,,,,,,,,,,,,,,,,,,,,
-81.42297,29.02869,0,0,642,7.14,,,,,,,,,,,,,,,,,,,,,,
-81.42291,29.02835,0,0,643,8,,,,,,,,,,,,,,,,,,,,,,
-81.42295,29.02822,0,0,644,8,,,,,,,,,,,,,,,,,,,,,,
-81.42308,29.02793,0,0,645,8,,,,,,,,,,,,,,,,,,,,,,
-81.42319,29.0276,0,0,646,8,,,,,,,,,,,,,,,,,,,,,,
-81.42359,29.02736,0,0,647,8,,,,,,,,,,,,,,,,,,,,,,
-81.4237,29.02706,0,0,648,8,,,,,,,,,,,,,,,,,,,,,,
-81.42389,29.0269,0,0,649,8,,,,,,,,,,,,,,,,,,,,,,
-81.42403,29.02672,0,0,650,8,,,,,,,,,,,,,,,,,,,,,,
-81.42427,29.02667,0,0,651,8,,,,,,,,,,,,,,,,,,,,,,
-81.42444,29.02639,0,0,652,8,,,,,,,,,,,,,,,,,,,,,,
-81.42481,29.02618,0,0,653,8,,,,,,,,,,,,,,,,,,,,,,
-81.42516,29.02612,0,0,654,8.66,,,,,,,,,,,,,,,,,,,,,,
-81.42535,29.02609,0,0,655,8,,,,,,,,,,,,,,,,,,,,,,
-81.42565,29.0258,0,0,656,8,,,,,,,,,,,,,,,,,,,,,,
-81.4259,29.02574,0,0,657,8,,,,,,,,,,,,,,,,,,,,,,
-81.42585,29.02538,0,0,658,8.1,,,,,,,,,,,,,,,,,,,,,,
-81.42574,29.02523,0,0,659,8,,,,,,,,,,,,,,,,,,,,,,
-81.42564,29.02477,0,0,660,9,,,,,,,,,,,,,,,,,,,,,,
-81.42552,29.02465,0,0,661,9,,,,,,,,,,,,,,,,,,,,,,
-81.42529,29.02448,0,0,662,8.47,,,,,,,,,,,,,,,,,,,,,,
-81.42499,29.02412,0,0,663,9,,,,,,,,,,,,,,,,,,,,,,
-81.42481,29.02387,0,0,664,9,,,,,,,,,,,,,,,,,,,,,,
-81.42459,29.02354,0,0,665,9,,,,,,,,,,,,,,,,,,,,,,
-81.42396,29.02291,0,0,666,9,,,,,,,,,,,,,,,,,,,,,,
-81.42338,29.02237,0,0,667,9,,,,,,,,,,,,,,,,,,,,,,
-81.42253,29.02153,0,0,668,9,,,,,,,,,,,,,,,,,,,,,,
-81.42184,29.02079,0,0,669,9,,,,,,,,,,,,,,,,,,,,,,
-81.42083,29.01969,0,0,670,10,,,,,,,,,,,,,,,,,,,,,,
-81.42013,29.01897,0,0,671,10,,,,,,,,,,,,,,,,,,,,,,
-81.41931,29.0182,0,0,672,9.51,,,,,,,,,,,,,,,,,,,,,,
-81.41839,29.01728,0,0,673,9,,,,,,,,,,,,,,,,,,,,,,
-81.41824,29.01722,0,0,674,9,,,,,,,,,,,,,,,,,,,,,,
-81.41812,29.01718,0,0,675,9,,,,,,,,,,,,,,,,,,,,,,
-81.41801,29.01716,0,0,676,9,,,,,,,,,,,,,,,,,,,,,,
-81.41793,29.01719,0,0,677,9,,,,,,,,,,,,,,,,,,,,,,
-81.41784,29.01718,0,0,678,9,,,,,,,,,,,,,,,,,,,,,,
-81.41775,29.01719,0,0,679,9,,,,,,,,,,,,,,,,,,,,,,
-81.41742,29.01743,0,0,680,9,,,,,,,,,,,,,,,,,,,,,,
-81.41723,29.01763,0,0,681,8.97,,,,,,,,,,,,,,,,,,,,,,
-81.41714,29.01771,0,0,682,8.73,,,,,,,,,,,,,,,,,,,,,,
-81.41714,29.01771,0,0,683,8.73,,,,,,,,,,,,,,,,,,,,,,
-81.41671,29.01774,0,0,684,9,,,,,,,,,,,,,,,,,,,,,,
-81.41624,29.01768,0,0,685,9,,,,,,,,,,,,,,,,,,,,,,
-81.41586,29.01765,0,0,686,8,,,,,,,,,,,,,,,,,,,,,,
-81.41502,29.01725,0,0,687,8,,,,,,,,,,,,,,,,,,,,,,
-81.4148,29.01716,0,0,688,8,,,,,,,,,,,,,,,,,,,,,,
-81.41464,29.0171,0,0,689,8,,,,,,,,,,,,,,,,,,,,,,
-81.41459,29.01702,0,0,690,8,,,,,,,,,,,,,,,,,,,,,,
-81.41454,29.01698,0,0,691,8,,,,,,,,,,,,,,,,,,,,,,
-81.41447,29.01696,0,0,692,8,,,,,,,,,,,,,,,,,,,,,,
-81.41441,29.01693,0,0,693,8,,,,,,,,,,,,,,,,,,,,,,
-81.41433,29.01691,0,0,694,8,,,,,,,,,,,,,,,,,,,,,,
-81.41428,29.01688,0,0,695,8,,,,,,,,,,,,,,,,,,,,,,
-81.41414,29.01684,0,0,696,8,,,,,,,,,,,,,,,,,,,,,,
-81.41407,29.01677,0,0,697,8,,,,,,,,,,,,,,,,,,,,,,
-81.414,29.01671,0,0,698,8,,,,,,,,,,,,,,,,,,,,,,
-81.41397,29.01665,0,0,699,8,,,,,,,,,,,,,,,,,,,,,,
-81.4138,29.01645,0,0,700,8,,,,,,,,,,,,,,,,,,,,,,
-81.4137,29.01626,0,0,701,7,,,,,,,,,,,,,,,,,,,,,,
-81.41365,29.01615,0,0,702,7,,,,,,,,,,,,,,,,,,,,,,
-81.41363,29.01608,0,0,703,7,,,,,,,,,,,,,,,,,,,,,,
-81.41363,29.01608,0,0,704,7,,,,,,,,,,,,,,,,,,,,,,
-81.41348,29.01584,0,0,705,7,,,,,,,,,,,,,,,,,,,,,,
-81.413,29.01575,0,0,706,7,,,,,,,,,,,,,,,,,,,,,,
-81.41276,29.0156,0,0,707,6,,,,,,,,,,,,,,,,,,,,,,
-81.41246,29.01544,0,0,708,6,,,,,,,,,,,,,,,,,,,,,,
-81.41261,29.01498,0,0,709,6,,,,,,,,,,,,,,,,,,,,,,
-81.41254,29.01477,0,0,710,6,,,,,,,,,,,,,,,,,,,,,,
-81.41238,29.01466,0,0,711,5.8,,,,,,,,,,,,,,,,,,,,,,
-81.41221,29.01433,0,0,712,5,,,,,,,,,,,,,,,,,,,,,,
-81.41206,29.01399,0,0,713,5,,,,,,,,,,,,,,,,,,,,,,
-81.41202,29.01369,0,0,714,5,,,,,,,,,,,,,,,,,,,,,,
-81.41185,29.01311,0,0,715,6,,,,,,,,,,,,,,,,,,,,,,
-81.41173,29.01284,0,0,716,6,,,,,,,,,,,,,,,,,,,,,,
-81.41137,29.01281,0,0,717,6,,,,,,,,,,,,,,,,,,,,,,
-81.41111,29.01274,0,0,718,6,,,,,,,,,,,,,,,,,,,,,,
-81.41078,29.01285,0,0,719,6,,,,,,,,,,,,,,,,,,,,,,
-81.4106,29.01292,0,0,720,6,,,,,,,,,,,,,,,,,,,,,,
-81.41049,29.01299,0,0,721,6,,,,,,,,,,,,,,,,,,,,,,
-81.41037,29.01317,0,0,722,5,,,,,,,,,,,,,,,,,,,,,,
-81.41025,29.01334,0,0,723,5,,,,,,,,,,,,,,,,,,,,,,
-81.41015,29.01347,0,0,724,4.52,,,,,,,,,,,,,,,,,,,,,,
-81.40999,29.01346,0,0,725,4.96,,,,,,,,,,,,,,,,,,,,,,
-81.40988,29.0135,0,0,726,4.14,,,,,,,,,,,,,,,,,,,,,,
-81.40975,29.01359,0,0,727,3.77,,,,,,,,,,,,,,,,,,,,,,
-81.4096,29.0137,0,0,728,4.97,,,,,,,,,,,,,,,,,,,,,,
-81.40951,29.01382,0,0,729,4.22,,,,,,,,,,,,,,,,,,,,,,
-81.40943,29.01388,0,0,730,4.24,,,,,,,,,,,,,,,,,,,,,,
-81.40934,29.01402,0,0,731,4,,,,,,,,,,,,,,,,,,,,,,
-81.40926,29.01416,0,0,732,4,,,,,,,,,,,,,,,,,,,,,,
-81.40917,29.01424,0,0,733,4,,,,,,,,,,,,,,,,,,,,,,
-81.4091,29.01437,0,0,734,4,,,,,,,,,,,,,,,,,,,,,,
-81.40897,29.01447,0,0,735,4,,,,,,,,,,,,,,,,,,,,,,
-81.4088,29.01455,0,0,736,4,,,,,,,,,,,,,,,,,,,,,,
-81.40869,29.0146,0,0,737,4,,,,,,,,,,,,,,,,,,,,,,
-81.4085,29.01472,0,0,738,3.02,,,,,,,,,,,,,,,,,,,,,,
-81.40834,29.01483,0,0,739,3,,,,,,,,,,,,,,,,,,,,,,
-81.40819,29.01497,0,0,740,2.32,,,,,,,,,,,,,,,,,,,,,,
-81.40814,29.01505,0,0,741,2,,,,,,,,,,,,,,,,,,,,,,
-81.40813,29.01507,0,0,742,2,,,,,,,,,,,,,,,,,,,,,,
-81.40776,29.01523,0,0,743,1.1,,,,,,,,,,,,,,,,,,,,,,
-81.40743,29.01544,0,0,744,1,,,,,,,,,,,,,,,,,,,,,,
-81.40724,29.01549,0,0,745,1,,,,,,,,,,,,,,,,,,,,,,
-81.40701,29.01541,0,0,746,1,,,,,,,,,,,,,,,,,,,,,,
-81.40692,29.0154,0,0,747,1,,,,,,,,,,,,,,,,,,,,,,
-81.40692,29.0154,0,0,748,1,,,,,,,,,,,,,,,,,,,,,,
-81.40665,29.0153,0,0,749,1,,,,,,,,,,,,,,,,,,,,,,
-81.4064,29.0149,0,0,750,2,,,,,,,,,,,,,,,,,,,,,,
-81.40623,29.0146,0,0,751,2.09,,,,,,,,,,,,,,,,,,,,,,
-81.40554,29.01457,0,0,752,2,,,,,,,,,,,,,,,,,,,,,,
-81.40519,29.01448,0,0,753,1.64,,,,,,,,,,,,,,,,,,,,,,
-81.40485,29.0143,0,0,754,2,,,,,,,,,,,,,,,,,,,,,,
-81.40459,29.01423,0,0,755,1.32,,,,,,,,,,,,,,,,,,,,,,
-81.4045,29.01408,0,0,756,1.97,,,,,,,,,,,,,,,,,,,,,,
-81.40409,29.01386,0,0,757,1.43,,,,,,,,,,,,,,,,,,,,,,
-81.40388,29.01363,0,0,758,1.98,,,,,,,,,,,,,,,,,,,,,,
-81.40365,29.01336,0,0,759,2,,,,,,,,,,,,,,,,,,,,,,
-81.40327,29.01312,0,0,760,1.52,,,,,,,,,,,,,,,,,,,,,,
-81.4028,29.0129,0,0,761,1,,,,,,,,,,,,,,,,,,,,,,
-81.40247,29.01268,0,0,762,1,,,,,,,,,,,,,,,,,,,,,,
-81.40222,29.01256,0,0,763,1,,,,,,,,,,,,,,,,,,,,,,
-81.40185,29.01233,0,0,764,1,,,,,,,,,,,,,,,,,,,,,,
-81.40137,29.01228,0,0,765,1,,,,,,,,,,,,,,,,,,,,,,
-81.40091,29.01211,0,0,766,1,,,,,,,,,,,,,,,,,,,,,,
-81.40036,29.01201,0,0,767,1,,,,,,,,,,,,,,,,,,,,,,
-81.4001,29.01179,0,0,768,1.67,,,,,,,,,,,,,,,,,,,,,,
-81.39965,29.01165,0,0,769,2,,,,,,,,,,,,,,,,,,,,,,
-81.39926,29.01168,0,0,770,2,,,,,,,,,,,,,,,,,,,,,,
-81.39892,29.01162,0,0,771,2,,,,,,,,,,,,,,,,,,,,,,
-81.39845,29.01177,0,0,772,1.88,,,,,,,,,,,,,,,,,,,,,,
-81.39816,29.01186,0,0,773,1.08,,,,,,,,,,,,,,,,,,,,,,
-81.39771,29.01215,0,0,774,1,,,,,,,,,,,,,,,,,,,,,,
-81.39748,29.01233,0,0,775,1,,,,,,,,,,,,,,,,,,,,,,
-81.39719,29.01243,0,0,776,1,,,,,,,,,,,,,,,,,,,,,,
-81.39701,29.0125,0,0,777,1,,,,,,,,,,,,,,,,,,,,,,
-81.39652,29.01259,0,0,778,1.03,,,,,,,,,,,,,,,,,,,,,,
-81.3963,29.01271,0,0,779,1,,,,,,,,,,,,,,,,,,,,,,
-81.39599,29.0127,0,0,780,1,,,,,,,,,,,,,,,,,,,,,,
-81.39569,29.01274,0,0,781,1,,,,,,,,,,,,,,,,,,,,,,
-81.3954,29.01265,0,0,782,1,,,,,,,,,,,,,,,,,,,,,,
-81.3953,29.0125,0,0,783,1.24,,,,,,,,,,,,,,,,,,,,,,
-81.39507,29.01254,0,0,784,1.57,,,,,,,,,,,,,,,,,,,,,,
-81.39463,29.01245,0,0,785,1.54,,,,,,,,,,,,,,,,,,,,,,
-81.3943,29.01234,0,0,786,2,,,,,,,,,,,,,,,,,,,,,,
-81.39406,29.0123,0,0,787,2,,,,,,,,,,,,,,,,,,,,,,
-81.39374,29.01246,0,0,788,1.74,,,,,,,,,,,,,,,,,,,,,,
-81.39357,29.01263,0,0,789,2,,,,,,,,,,,,,,,,,,,,,,
-81.39323,29.01265,0,0,790,2,,,,,,,,,,,,,,,,,,,,,,
-81.3929,29.01275,0,0,791,2,,,,,,,,,,,,,,,,,,,,,,
-81.39272,29.01274,0,0,792,2,,,,,,,,,,,,,,,,,,,,,,
-81.39242,29.01278,0,0,793,2,,,,,,,,,,,,,,,,,,,,,,
-81.39234,29.0128,0,0,794,2,,,,,,,,,,,,,,,,,,,,,,
